track.uri,acousticness,danceability,duration_ms,energy,instrumentalness,liveness,loudness,speechiness,tempo,valence,key,time_signature,club_compatible
3ZFTkvIE7kyPt6Nu3PEa7V,0.284,0.778,218093.0,0.824,0.0,0.405,-5.892,0.0707,100.024,0.758,10.0,4.0,yes
6bK9BH9Ts8Gj5JFvnQkzak,0.614,0.741,211666.0,0.824,0.0,0.158,-4.143,0.0352,100.216,0.725,10.0,4.0,yes
77FULy278MulVvGWS8BfK7,0.0165,0.675,191000.0,0.862,0.000427,0.169,-4.614,0.0253,129.967,0.498,11.0,4.0,yes
2x7MyWybabEz6Y6wvHuwGE,0.0264,0.822,241933.0,0.739,4.26e-05,0.181,-4.541,0.0311,118.992,0.745,1.0,4.0,yes
5rb9QrpfcKFHM1EUbSIurX,0.0183,0.894,250373.0,0.791,0.0,0.0388,-4.699,0.112,105.018,0.583,2.0,4.0,yes
2bLqfJjuC5syrsgDsZfGmn,0.181,0.731,179120.0,0.807,0.751,0.319,-6.492,0.1,114.759,0.765,3.0,4.0,yes
5aEqcblO0Z6JloFJXtxyhe,0.00281,0.633,197124.0,0.976,1.29e-05,0.382,-5.362,0.0519,142.027,0.493,8.0,4.0,yes
2VOomzT6VavJOGBeySqaMc,0.0863,0.707,238627.0,0.813,0.0,0.168,-4.515,0.0571,124.921,0.722,11.0,4.0,yes
0HPD5WQqrq7wPWR7P7Dw1i,0.0991,0.755,199693.0,0.837,0.0,0.289,-2.718,0.142,120.028,0.714,2.0,4.0,yes
0uXO2GrNiIb1xHT9LUdxZE,0.0771,0.813,195853.0,0.627,0.000616,0.131,-5.018,0.0486,130.011,0.801,11.0,4.0,yes
5IVuqXILoxVWvWEPm82Jxr,0.00249,0.646,236133.0,0.77,0.0,0.0715,-6.596,0.226,99.165,0.681,2.0,4.0,yes
228BxWXUYQPJrJYHDLOHkj,0.322,0.852,192600.0,0.797,2.69e-06,0.0845,-6.543,0.0614,96.008,0.741,0.0,4.0,yes
2PpruBYCo4H7WOBJ7Q2EwM,0.103,0.727,235213.0,0.974,0.000532,0.174,-2.261,0.0664,79.526,0.965,4.0,4.0,yes
0k2GOhqsrxDTAbFFSdNJjT,0.106,0.951,218573.0,0.6,0.0,0.0712,-4.675,0.0685,125.04,0.822,0.0,4.0,yes
04KTF78FFg8sOHC1BADqbY,0.206,0.956,228240.0,0.745,0.0,0.0615,-4.753,0.12,107.075,0.912,11.0,4.0,yes
4RY96Asd9IefaL3X4LOLZ8,0.26,0.902,193467.0,0.72,0.0,0.0749,-2.776,0.347,90.059,0.805,6.0,4.0,yes
2kQuhkFX7uSVepCD3h29g5,0.321,0.939,212360.0,0.742,0.0,0.107,-5.171,0.0467,118.978,0.924,5.0,4.0,yes
2wGSgTmgSF3xjRrHkTc25R,0.14,0.802,206400.0,0.785,0.0,0.123,-4.781,0.207,99.998,0.435,9.0,4.0,yes
4wH4dJgrsxONID6KS2tDQM,0.0261,0.796,258893.0,0.777,0.000358,0.121,-4.81,0.0397,132.722,0.787,6.0,4.0,yes
0CAfXk7DXMnon4gLudAp7J,0.0928,0.918,231400.0,0.609,0.0,0.139,-5.64,0.0791,128.008,0.304,10.0,4.0,yes
1AWQoqb9bSvzTjaLralEkT,0.201,0.892,267267.0,0.714,0.000234,0.0521,-6.055,0.141,100.972,0.817,4.0,4.0,yes
1PS1QMdUqOal0ai3Gt7sDQ,0.0195,0.629,207627.0,0.696,0.0,0.0554,-5.572,0.348,93.034,0.623,1.0,4.0,yes
0O45fw2L5vsWpdsOdXwNAR,0.0584,0.967,242733.0,0.583,0.0,0.0519,-5.562,0.0789,117.0,0.964,7.0,4.0,yes
6naxalmIoLFWR0siv8dnQQ,0.3,0.751,211160.0,0.834,1.77e-05,0.355,-5.444,0.0437,95.053,0.894,1.0,4.0,yes
49X0LAl6faAusYq02PRAY6,0.00793,0.72,307154.0,0.808,0.0293,0.0634,-5.627,0.0379,126.041,0.869,6.0,4.0,yes
2NBQmPrOEEjA8VbeWOQGxO,0.19,0.888,266067.0,0.632,0.0,0.101,-3.872,0.219,91.979,0.662,1.0,4.0,yes
30cSNer6TV8x2utjULVeQ5,0.004,0.677,238920.0,0.671,5.07e-05,0.413,-4.905,0.0361,137.046,0.527,7.0,4.0,yes
66TRwr5uJwPt15mfFkzhbi,0.515,0.736,221933.0,0.74,0.0,0.0468,-2.18,0.0786,140.141,0.803,0.0,4.0,yes
2H1047e0oMSj10dgp7p2VG,0.0873,0.744,289133.0,0.766,0.0,0.509,-6.375,0.0265,127.966,0.61,0.0,4.0,yes
3850dYVgOFIXJh5U4BFEWH,0.0039,0.649,337733.0,0.647,0.161,0.0686,-7.695,0.0452,125.02,0.405,9.0,4.0,yes
3aQz0z86zrKjd1mcZlonxE,0.000313,0.498,192294.0,0.862,0.00941,0.352,-6.02,0.0589,128.034,0.47,7.0,4.0,yes
7uKcScNXuO3MWw6LowBjW1,0.042,0.944,203787.0,0.511,0.00107,0.0379,-10.96,0.161,113.046,0.842,5.0,4.0,yes
69bHJ9qs5FrUJbKP8xU8uZ,0.206,0.925,214227.0,0.659,7.88e-05,0.279,-4.763,0.231,97.018,0.71,3.0,4.0,yes
7xYnUQigPoIDAMPVK79NEq,0.0246,0.846,229867.0,0.482,0.0,0.393,-6.721,0.129,100.969,0.212,1.0,4.0,yes
1oHClQEgDmmbcEx12Kc5nZ,0.00994,0.753,189693.0,0.931,0.00696,0.234,-4.922,0.0652,113.029,0.767,2.0,4.0,yes
0OPyDgTRuIdCJ9B4bYSths,0.00684,0.85,237600.0,0.631,0.000406,0.0679,-8.401,0.227,126.002,0.738,1.0,4.0,yes
13plQdOoWSSXPRUSZc5FuM,0.0152,0.817,237120.0,0.733,4.31e-05,0.107,-6.009,0.145,127.056,0.833,2.0,4.0,yes
6Sy9BUbgFse0n0LPA5lwy5,0.141,0.528,225493.0,0.965,0.985,0.0797,-7.984,0.0465,136.065,0.587,11.0,4.0,yes
3jagJCUbdqhDSPuxP8cAqF,0.0778,0.884,263227.0,0.677,0.0,0.0732,-5.603,0.283,101.868,0.584,1.0,4.0,yes
1GLx5tpDdwEFiA7KaikvX2,0.125,0.739,312987.0,0.945,0.0,0.112,-4.443,0.0881,130.018,0.627,0.0,4.0,yes
7M13FwBAKWNa2jqcZeUhL6,0.192,0.723,204798.0,0.872,0.000154,0.0814,-3.617,0.0586,128.038,0.544,1.0,4.0,yes
0F2BxpbxH8Yc3pLub48hrb,0.000563,0.605,157432.0,0.874,0.812,0.112,-4.949,0.0295,125.99,0.836,7.0,4.0,yes
7F1lHcpnTycnimQrCxDFI5,0.0798,0.816,217037.0,0.94,0.444,0.431,-6.079,0.28,128.0,0.596,7.0,4.0,yes
5ReOsbat3U1k2KMD8GLxoh,0.0438,0.714,209336.0,0.912,0.35,0.17,-3.865,0.0391,127.988,0.718,0.0,4.0,yes
6oIEIdJL9kDbBrGIyLZHIT,0.0338,0.778,247615.0,0.776,0.0216,0.0772,-5.359,0.0362,127.049,0.361,9.0,4.0,yes
3C0nOe05EIt1390bVABLyN,0.105,0.73,284867.0,0.777,0.000478,0.0691,-5.194,0.0496,130.0,0.575,3.0,4.0,yes
2MHhLr6esBwaKCKkQ40PWL,0.343,0.647,202609.0,0.859,0.000406,0.162,-4.948,0.0466,127.933,0.65,7.0,4.0,yes
2GYHyAoLWpkxLVa4oYTVko,0.0994,0.791,206067.0,0.59,0.00203,0.065,-9.206,0.0793,119.951,0.714,1.0,4.0,yes
089vxHEH64AKLKhokNXEJx,0.00448,0.674,187667.0,0.916,7.05e-05,0.128,-5.015,0.0776,128.025,0.702,8.0,4.0,yes
4356Typ82hUiFAynbLYbPn,0.0338,0.663,220800.0,0.861,0.0,0.082,-3.398,0.109,119.963,0.654,7.0,4.0,yes
2CEgGE6aESpnmtfiZwYlbV,0.00379,0.751,202613.0,0.783,0.0,0.036,-3.724,0.0859,119.975,0.816,4.0,4.0,yes
5pmL3RzOy3IvGFaSDi4hZL,0.00872,0.606,244907.0,0.883,0.0,0.0698,-3.243,0.0423,128.053,0.608,3.0,4.0,yes
4x7FBsQScj0K6QkM9yWgjc,0.0102,0.701,214627.0,0.809,0.00428,0.155,-5.651,0.0287,127.01,0.782,5.0,4.0,yes
25G1PxpeoaaisKqcDRmlPR,0.0561,0.669,215493.0,0.936,0.00573,0.845,-3.811,0.0698,127.863,0.967,9.0,4.0,yes
0FYUTxJZvvOVLopuhusqYC,0.0717,0.75,213133.0,0.877,0.000107,0.247,-4.134,0.0429,105.031,0.205,1.0,4.0,yes
4DvhkX2ic4zWkQeWMwQ2qf,0.00676,0.435,216893.0,0.837,0.0,0.117,-8.126,0.449,124.913,0.778,3.0,4.0,yes
4QNpBfC0zvjKqPJcyqBy9W,0.191,0.671,252307.0,0.939,0.0,0.298,-3.206,0.161,129.024,0.53,8.0,4.0,yes
41kOdUYJOPwl8nAZr7dsts,0.0548,0.704,225467.0,0.846,0.0,0.173,-4.458,0.0395,104.993,0.818,0.0,4.0,yes
2cZrrQMjB63c0iIugYH9zS,0.00416,0.61,231573.0,0.906,0.0,0.758,-2.117,0.0648,127.916,0.294,0.0,4.0,yes
0aBKFfdyOD1Ttvgv0cfjjJ,0.00166,0.551,219987.0,0.893,0.0,0.348,-2.628,0.0543,125.083,0.794,7.0,4.0,yes
1zZIGnXIcDKU8QIUkR20nK,0.000624,0.718,227787.0,0.776,5.3e-06,0.207,-5.208,0.0693,120.015,0.622,7.0,4.0,yes
1r3myKmjWoOqRip99CmSj1,0.02,0.671,206080.0,0.808,0.0,0.134,-4.861,0.0652,121.956,0.637,2.0,4.0,yes
60Qa4MfNC1dgVfuDF6rgMS,0.141,0.688,220280.0,0.714,0.0,0.214,-4.48,0.0712,125.028,0.449,11.0,4.0,yes
12HgZnRqGPwIZJD0gPsUor,0.0114,0.557,234053.0,0.814,7.97e-05,0.345,-4.469,0.0872,127.969,0.616,10.0,4.0,yes
4ked2EG729C35aJAsoCk9J,0.00368,0.621,207136.0,0.645,0.0,0.281,-6.93,0.123,127.974,0.409,8.0,3.0,yes
76sWab9iC3vvk21aln8G8t,0.0176,0.592,200133.0,0.747,0.0,0.0752,-4.439,0.138,83.929,0.698,8.0,4.0,yes
6Avndj1UPQLwR2qqzDwZBc,0.0526,0.817,205747.0,0.563,1.32e-06,0.154,-6.276,0.055,125.02,0.488,9.0,4.0,yes
1mvZErZBp7WZT3HfGBykao,0.00133,0.767,209800.0,0.881,0.000139,0.0551,-3.988,0.0301,130.018,0.961,9.0,4.0,yes
1pbHy9VBpSyZh56xuujZz0,0.00358,0.736,226227.0,0.823,0.000914,0.33,-4.231,0.0675,124.954,0.442,8.0,4.0,yes
5DdDbJvoaT8fqQMJkiGg4T,0.222,0.716,208620.0,0.807,0.0,0.0935,-3.621,0.108,130.004,0.61,0.0,4.0,yes
6JOlNkT0QdHeZB0wPbI9IR,0.0488,0.705,199680.0,0.794,0.0,0.575,-2.266,0.0593,127.961,0.412,8.0,4.0,yes
2iJuuzV8P9Yz0VSurttIV5,0.019,0.772,283400.0,0.685,8.96e-05,0.131,-6.849,0.0696,130.033,0.501,5.0,4.0,yes
01TuObJVd7owWchVRuQbQw,0.00112,0.797,279507.0,0.608,7.66e-05,0.0748,-6.096,0.0584,127.999,0.402,6.0,4.0,yes
3nMb7ToWIxYvmaIG20z6ux,0.0294,0.648,232213.0,0.89,3.58e-06,0.116,-3.982,0.0523,125.953,0.321,0.0,4.0,yes
12eMQUn2GzfsfsQLH53M19,0.00117,0.616,234693.0,0.862,0.0,0.179,-5.18,0.0973,127.992,0.569,7.0,4.0,yes
77ePeF9L2QKvKrSsWpJXBF,0.0351,0.732,222058.0,0.945,0.0,0.28,-4.056,0.137,127.949,0.636,10.0,4.0,yes
6ebkx7Q5tTxrCxKq4GYj0Y,0.0283,0.616,234560.0,0.869,0.0,0.064,-3.911,0.0327,127.966,0.473,0.0,4.0,yes
2WOg6FT27iLtN8wetk69nP,0.00604,0.651,214453.0,0.939,0.0,0.139,-3.606,0.0774,133.05,0.733,11.0,4.0,yes
62zFEHfAYl5kdHYOivj4BC,0.0124,0.67,227280.0,0.855,0.0,0.335,-3.035,0.0499,120.05,0.648,0.0,4.0,yes
1RMRkCn07y2xtBip9DzwmC,0.000238,0.594,227973.0,0.841,2.22e-06,0.156,-5.792,0.102,129.925,0.643,1.0,4.0,yes
6YMPu36VGIknb8Ey1ohW3j,0.186,0.8,193160.0,0.874,1.77e-05,0.0877,-3.955,0.0667,112.003,0.85,4.0,4.0,yes
2xnoPV3NLescauc0ZJ1MDZ,0.0159,0.792,237267.0,0.856,2.88e-06,0.0981,-5.236,0.067,127.988,0.714,11.0,4.0,yes
3FrX3mx8qq7SZX2NYbzDoj,0.00372,0.675,201040.0,0.601,0.0,0.0458,-4.733,0.116,127.938,0.931,11.0,4.0,yes
4bZd0nRuX8HyjeXAUBczvm,0.00616,0.693,223800.0,0.822,1.79e-06,0.315,-5.441,0.0439,126.035,0.763,4.0,4.0,yes
1NpW5kyvO4XrNJ3rnfcNy3,0.0991,0.608,232947.0,0.86,0.0,0.262,-5.324,0.0554,127.075,0.437,5.0,4.0,yes
1nAGuIZXz6vb8XW0xiMqic,0.134,0.705,223493.0,0.805,0.000139,0.367,-4.887,0.0595,120.022,0.887,4.0,4.0,yes
38iU2jg98IZZEIJPrP7aWD,0.0228,0.693,237947.0,0.705,0.0,0.202,-5.747,0.0665,131.951,0.45,8.0,4.0,yes
5cCAZS9VhLGEDV4NCfieeg,0.00379,0.696,210267.0,0.546,3.8e-06,0.332,-6.55,0.0414,130.002,0.787,5.0,4.0,yes
7vWFaMq63AwkFDhS2OAg5u,0.0662,0.816,307640.0,0.813,2.77e-06,0.602,-7.798,0.0664,127.979,0.436,6.0,4.0,yes
2Vnv7pXiMfMeGilx1r9KCA,0.0067,0.825,342120.0,0.808,0.232,0.0745,-5.855,0.033,130.007,0.5,2.0,4.0,yes
0Hf4aIJpsN4Os2f0y0VqWl,0.039,0.673,229507.0,0.758,0.0,0.341,-3.632,0.158,135.956,0.542,7.0,4.0,yes
1eVXmyWx6J8p8VhPj9nluu,0.0904,0.765,233573.0,0.921,0.000138,0.132,-2.88,0.241,127.967,0.475,2.0,4.0,yes
7IohFKIwrb75c4XaqX7WWo,0.00473,0.535,279027.0,0.796,0.0,0.145,-3.446,0.0445,128.954,0.282,0.0,4.0,yes
3opVsyWVYEAFK9bJAG8Opa,0.13,0.866,251440.0,0.857,0.0017,0.13,-5.894,0.0664,130.049,0.408,9.0,4.0,yes
2gam98EZKrF9XuOkU13ApN,0.0569,0.808,242293.0,0.97,6.13e-05,0.154,-6.098,0.0506,114.328,0.868,10.0,4.0,yes
2a1o6ZejUi8U3wzzOtCOYw,0.0846,0.4,198773.0,0.915,0.0,0.0503,-4.89,0.28,88.917,0.878,0.0,3.0,yes
3rfhI32Il2hVRKDkuGeeen,0.0434,0.595,234453.0,0.912,0.0,0.259,-3.428,0.0884,128.024,0.762,10.0,4.0,yes
5XVjNRubJUW0iPhhSWpLCj,0.00181,0.671,214883.0,0.882,0.667,0.285,-6.149,0.0552,136.955,0.787,8.0,4.0,yes
47qhA3AnXep9EEYIAuuhpz,0.000673,0.679,474707.0,0.982,0.813,0.108,-8.989,0.0481,129.995,0.343,4.0,4.0,yes
3e9L9HiHKcfYLAga28Vmcf,0.0271,0.644,220973.0,0.981,9.67e-05,0.11,-6.644,0.0439,140.012,0.379,7.0,4.0,yes
72SpPFrMYCXLB3Fbw9tEgf,0.0011,0.571,233600.0,0.953,0.000606,0.226,-5.601,0.0548,137.965,0.601,8.0,4.0,yes
7cR6SJQLubZTtIrAgteiec,0.00112,0.523,234933.0,0.888,0.0692,0.46,-8.715,0.0359,144.021,0.534,6.0,4.0,yes
2PTvik6EqPAIYOclAB3SU8,0.164,0.645,176453.0,0.984,0.00701,0.164,-7.051,0.0508,144.954,0.553,4.0,4.0,yes
1arJHhz6TxMV50SNvSmGnV,0.00223,0.591,212133.0,0.888,0.699,0.396,-6.836,0.0354,132.885,0.588,4.0,4.0,yes
4wtR6HB3XekEengMX17cpc,0.000298,0.604,243267.0,0.755,0.817,0.0625,-10.761,0.0337,137.064,0.387,0.0,4.0,yes
4LzLiaAhbcCMUNFZXngS2G,0.171,0.606,233093.0,0.973,0.774,0.68,-4.624,0.032,137.995,0.896,3.0,4.0,yes
0n7WgacZXU3YjPIsDkZL2H,0.137,0.765,198227.0,0.739,1.25e-05,0.173,-7.935,0.0893,139.939,0.422,9.0,4.0,yes
0TOkOutlSiFA8obp1vwAFq,0.0663,0.625,184387.0,0.953,0.125,0.418,-5.992,0.0423,140.1,0.382,7.0,4.0,yes
6mCBye12ZqBciPgHo1ov8i,0.00564,0.674,190667.0,0.977,0.173,0.338,-3.918,0.0476,136.997,0.815,9.0,4.0,yes
2jBsr5rb8anJ7z4jjbh0bC,0.0023,0.786,194560.0,0.993,0.748,0.0721,-7.398,0.0337,136.012,0.613,3.0,4.0,yes
557q3cfw95ChPhoupTVUUZ,0.000144,0.574,209804.0,0.883,0.839,0.167,-6.532,0.0339,137.968,0.479,0.0,4.0,yes
4IpDZx3j87FdGqbsczY4uX,9.53e-05,0.732,449240.0,0.827,0.368,0.103,-7.614,0.0383,128.012,0.952,5.0,4.0,yes
1YsZB1pLIXR0YgiOxUG9cv,0.0137,0.652,197160.0,0.936,0.00887,0.0566,-8.577,0.0293,137.982,0.561,1.0,4.0,yes
22RGeL5eCVCCXeTDZLzYdC,0.00096,0.614,270333.0,0.972,0.152,0.108,-7.559,0.04,134.619,0.698,2.0,4.0,yes
6paUKZ1F2OVmaYiAxtXdhu,0.0775,0.69,218320.0,0.856,2.03e-05,0.327,-8.907,0.0853,137.867,0.408,7.0,4.0,yes
4A56k97klal1TbWHH0DbnE,0.148,0.794,347853.0,0.717,0.148,0.0946,-10.507,0.0535,135.005,0.461,10.0,4.0,yes
2zHLtC9qha5M9dUBUmr8oe,0.000768,0.716,169480.0,0.953,0.0714,0.453,-4.668,0.0537,126.976,0.61,0.0,4.0,yes
0huUPVJ3iTkhCbrKpNyzPS,0.00886,0.517,163133.0,0.979,8.12e-06,0.344,-3.715,0.0885,147.913,0.17,5.0,4.0,yes
6Oz1bItZlvZ4OLYZcSk2Ho,0.0124,0.786,215133.0,0.798,0.833,0.292,-9.307,0.0676,134.998,0.756,7.0,4.0,yes
4zrl5YGi2OqMar45Kdn4BM,0.00232,0.668,171547.0,0.905,0.0331,0.141,-5.395,0.038,128.658,0.667,6.0,4.0,yes
2SCP5oOX5OSp5RT83h2rs0,0.000842,0.753,207067.0,0.835,8.74e-05,0.13,-4.631,0.0533,123.943,0.669,5.0,4.0,yes
5ClXLJW6OLZuTLCwhmX9h9,0.096,0.741,209667.0,0.869,0.0,0.0396,-6.534,0.0816,126.069,0.839,9.0,4.0,yes
0zjORbo98bRxMmyS3wzeKW,0.00145,0.644,210787.0,0.72,0.504,0.0839,-9.635,0.0419,132.017,0.53,10.0,4.0,yes
1bV3jw1mlVbPkzc9bCGCsl,0.00283,0.56,184693.0,0.861,4.98e-05,0.229,-4.383,0.033,124.917,0.561,4.0,4.0,yes
3e5o2U4bvViopkUEGNp1B7,0.000247,0.611,452907.0,0.817,0.142,0.144,-10.027,0.0308,127.997,0.447,3.0,4.0,yes
7FpkmUt2H3Mf9TVEGHkUpk,0.000953,0.64,194072.0,0.951,0.134,0.0934,-5.571,0.0335,136.984,0.838,2.0,4.0,yes
4tI7eIbEUfInHS3sxfqkkr,0.00709,0.702,217493.0,0.842,0.00112,0.136,-4.157,0.0487,126.845,0.843,2.0,4.0,yes
4LjfIjS8iweFCPdKxLnEoV,0.00022,0.762,151983.0,0.754,0.0665,0.146,-3.425,0.046,129.026,0.715,0.0,4.0,yes
5RGiyzMQrBQQwMRid7SE65,0.00117,0.512,208933.0,0.909,0.0282,0.243,-7.045,0.0374,143.034,0.137,2.0,4.0,yes
6ddQ5KCkvCggk3j6KdA0zL,0.00615,0.624,177573.0,0.977,0.0,0.253,-3.34,0.22,126.129,0.74,11.0,4.0,yes
4YnAKHP8pUPeaOov12tljh,0.00144,0.834,223800.0,0.913,0.00466,0.108,-7.28,0.0354,139.982,0.903,11.0,4.0,yes
6q6PeTloTbL2vb1Gt9sQQc,0.00903,0.764,234240.0,0.759,0.0,0.0746,-5.443,0.0413,128.999,0.937,1.0,4.0,yes
6P3TrUT5OBuyrBYGrHo525,0.0548,0.734,200400.0,0.941,2.24e-05,0.187,-2.549,0.0965,127.002,0.624,8.0,4.0,yes
2KgCPRTAECwNbJG1uYdfjl,0.211,0.635,197962.0,0.827,0.00719,0.0947,-7.541,0.0583,149.974,0.272,11.0,4.0,yes
0awvg4qIKgoUzKG1LY6Hqg,0.0464,0.653,253600.0,0.901,2.84e-05,0.129,-6.041,0.0273,137.949,0.795,6.0,4.0,yes
0OSAJEA0ekX6pr2nuiPzX7,0.0722,0.661,253587.0,0.855,0.0185,0.199,-8.403,0.0377,123.943,0.601,8.0,4.0,yes
6EbHq1fhCZePddEdD5ppui,0.000192,0.623,226227.0,0.898,0.303,0.138,-6.604,0.0309,130.991,0.786,4.0,4.0,yes
0FsTic2eY5j14U8KpubZTx,0.00364,0.608,228693.0,0.92,0.0,0.0888,-5.282,0.0276,138.025,0.487,7.0,4.0,yes
67A5L6EN5OFoJ5m1dbsBWG,8.91e-05,0.493,234573.0,0.986,0.137,0.386,-6.313,0.0717,150.056,0.475,8.0,4.0,yes
0rSJMA0XBPxzgRjCpRPnJP,0.108,0.652,208613.0,0.998,0.0255,0.255,-6.658,0.0409,139.995,0.923,0.0,4.0,yes
0W86MX8ZH0kqdvifeaoJEu,0.0482,0.66,258093.0,0.854,0.000818,0.0794,-6.288,0.0358,135.0,0.554,0.0,4.0,yes
3jmx0icLOjLCISEcNHTnHp,0.00716,0.533,203320.0,0.795,3.62e-05,0.115,-5.632,0.0417,129.97,0.504,1.0,4.0,yes
3MRX02BbSV4zUYt7WAPNos,0.0172,0.647,257693.0,0.739,0.00385,0.102,-7.859,0.0335,132.969,0.6,11.0,4.0,yes
1OjTdOsxglqW2nQY0J4OCd,0.0171,0.539,216347.0,0.933,0.0,0.329,-4.904,0.0395,144.972,0.465,1.0,4.0,yes
5YJtMNWKe55yr49cyJgxva,0.00281,0.633,197124.0,0.976,1.29e-05,0.382,-5.362,0.0519,142.027,0.493,8.0,4.0,yes
2pzdPikvnSUldU4zQm9tcS,0.0193,0.777,494737.0,0.742,0.108,0.103,-8.387,0.07,131.003,0.355,7.0,4.0,yes
7861kBrZ5aw7o4NfggcyYW,0.162,0.805,292400.0,0.802,0.000883,0.0698,-7.076,0.1,127.924,0.531,1.0,4.0,yes
2HH2km5d2nGVfpBFrqGSXp,0.00955,0.807,134625.0,0.782,0.882,0.113,-4.91,0.0453,121.993,0.149,1.0,4.0,yes
2LtjgykFxoF7Khi0TNVJfy,0.0184,0.765,249800.0,0.853,0.00215,0.373,-7.071,0.0402,127.955,0.244,6.0,4.0,yes
6VbiW6hb4jbfsUObjZeyZ0,0.111,0.575,218680.0,0.971,0.201,0.311,-4.756,0.0437,139.989,0.53,0.0,4.0,yes
6VZciflHXKBKMxPXnGEmag,0.0185,0.66,255200.0,0.767,0.00101,0.12,-6.622,0.0339,132.984,0.594,11.0,4.0,yes
0ceI4w0e2Syq1sNxCe6lLm,0.0538,0.655,212173.0,0.961,0.000135,0.0816,-4.245,0.0464,144.982,0.395,11.0,3.0,yes
2hPOOLM9Oefyy43eAXR4Hf,0.00463,0.575,232347.0,0.912,6.01e-05,0.352,-7.039,0.0285,135.988,0.591,0.0,4.0,yes
5EJm8yCF0lsuhcCueq835G,0.000297,0.682,263933.0,0.768,0.129,0.198,-9.349,0.0322,130.046,0.923,9.0,4.0,yes
5VYTKiOnHw4iTrB9pG3yum,0.000339,0.636,209813.0,0.848,0.0402,0.141,-6.854,0.0362,104.073,0.934,1.0,4.0,yes
0bAUF6hZiAx9KybTrhaiVK,0.00318,0.651,228773.0,0.912,0.00224,0.783,-5.855,0.0362,126.015,0.305,9.0,4.0,yes
2IHaGyfxNoFPLJnaEg4GTs,0.0222,0.683,270373.0,0.772,0.0149,0.203,-7.907,0.0311,123.871,0.737,7.0,4.0,yes
2QLEN3RVunMas7j0PHjeAT,0.0913,0.843,451440.0,0.959,0.0,0.408,-4.933,0.0914,135.988,0.923,6.0,4.0,yes
6YX75Ps2XsWn9dOzwbqmNV,0.0714,0.674,238160.0,0.908,0.000104,0.121,-3.262,0.0325,127.985,0.861,9.0,4.0,yes
3zg4stPJlbNSBPA8HJzLZA,0.0523,0.723,201893.0,0.857,2.66e-05,0.149,-9.989,0.241,129.87,0.642,7.0,4.0,yes
0oksV4blK63iagpfT227PL,0.000171,0.811,389840.0,0.769,0.0011,0.25,-5.837,0.0399,133.627,0.595,7.0,4.0,yes
0xdFJkARYp9VZ2vfdNxkYX,0.0185,0.681,262600.0,0.968,0.478,0.0477,-6.64,0.0393,136.986,0.965,2.0,4.0,yes
66X03EIfE1zm99rd4SfL71,0.0923,0.811,280467.0,0.697,0.0144,0.0784,-8.019,0.0502,120.242,0.712,8.0,4.0,yes
2He3NOyqtLNE3RQPpeDdSb,0.0153,0.694,231787.0,0.881,0.0196,0.0851,-4.053,0.0701,121.554,0.924,1.0,4.0,yes
5hWdgGVcfTeLPAiHM6EZG9,0.00189,0.711,269307.0,0.951,0.366,0.0229,-8.406,0.0537,121.656,0.903,1.0,4.0,yes
3pEuO9J2MTEmec8kUfYYvl,0.0908,0.813,236933.0,0.882,0.00457,0.147,-7.575,0.0402,125.983,0.874,7.0,4.0,yes
7eheoW4hxrH51ww2QePVwF,0.000851,0.557,244093.0,0.798,0.675,0.183,-7.405,0.0935,112.187,0.794,6.0,4.0,yes
3vSn1frPgFcRXrjWOfhMLl,0.00283,0.658,240867.0,0.963,2.38e-06,0.951,-3.283,0.0326,134.798,0.793,1.0,4.0,yes
5IPJsGFKtxKDPCkT8lhEjN,0.000235,0.688,264307.0,0.782,0.666,0.0955,-12.291,0.034,127.822,0.77,5.0,4.0,yes
6wBMTv8yTiNh50fqTkT0JC,0.00363,0.712,247002.0,0.785,6.95e-06,0.0878,-6.418,0.0386,117.643,0.975,5.0,4.0,yes
22HhMuTmOYS2WWDfkVhGUf,0.00389,0.755,233293.0,0.914,0.000161,0.0371,-6.096,0.0371,124.97,0.736,8.0,4.0,yes
6gPyYTj6G3QkF8ccJuH0LI,0.287,0.715,222173.0,0.936,1.29e-05,0.0719,-3.51,0.0479,124.25,0.62,9.0,4.0,yes
0JXXm3RqxU8EKzX4P8M0n3,0.225,0.661,253573.0,0.847,0.835,0.0863,-11.855,0.0349,125.862,0.71,7.0,4.0,yes
70xnPuGvdz7HZRNLYGM0Kz,0.000605,0.596,316752.0,0.479,0.909,0.191,-7.024,0.0981,127.996,0.0555,1.0,4.0,yes
4EO7E6OTT3FvYt8ORWLuSH,0.000978,0.626,203246.0,0.876,0.0868,0.963,-11.31,0.0565,119.4,0.711,10.0,4.0,yes
0tWafhSMBKXG1xcz6OPDNx,0.0027,0.521,235360.0,0.765,0.0419,0.33,-14.367,0.0912,135.025,0.0924,0.0,4.0,yes
7voHUmPNDuYZ1SW1mwRu26,0.00872,0.65,224221.0,0.985,0.00422,0.0485,-14.404,0.0445,141.047,0.757,5.0,4.0,yes
78ePMYOtObETLaxVEVizXl,0.0631,0.709,246675.0,0.907,0.00186,0.138,-12.405,0.0452,127.9,0.746,6.0,4.0,yes
00309sp8DDeN07RtAyBKIX,0.000704,0.57,251646.0,0.881,0.19,0.334,-12.808,0.0483,128.91,0.623,7.0,4.0,yes
0o71f1DOh7q10QmMjAa41a,0.0132,0.785,326467.0,0.815,0.36,0.203,-9.09,0.0642,139.924,0.646,8.0,4.0,yes
0yT3JBkQzJNaS2mCXSPI8Z,0.0213,0.873,309267.0,0.373,2.43e-05,0.0497,-12.685,0.0464,110.67,0.972,0.0,4.0,yes
2mOrxVrZi9PAs1arR9ifnt,0.107,0.967,249480.0,0.639,0.0,0.0959,-6.42,0.192,119.895,0.965,11.0,4.0,yes
2UKkLqST2xWpK8n1b0Xr5Z,0.119,0.476,255467.0,0.584,0.0,0.274,-12.357,0.038,88.026,0.417,10.0,4.0,yes
57h06SZNL6LJ3YKZ1UGCeu,0.0928,0.588,255533.0,0.644,0.0472,0.092,-9.547,0.0338,95.647,0.49,7.0,4.0,yes
1RSy7B2vfPi84N80QJ6frX,0.000726,0.793,450800.0,0.703,0.88,0.075,-9.548,0.0581,130.27,0.856,0.0,4.0,yes
3GXAAgzvRuEiyiPGGUD1e1,0.0183,0.734,239933.0,0.622,1.5e-05,0.0974,-8.356,0.258,165.971,0.94,5.0,3.0,yes
4zFyMSopXqcKWUbwVkC0vd,0.0751,0.762,235187.0,0.652,0.0,0.359,-4.49,0.225,104.965,0.664,5.0,4.0,yes
18UhvUi9FjHtoTgnqX7kbl,0.168,0.909,266067.0,0.553,0.0,0.104,-4.626,0.234,92.005,0.64,1.0,4.0,yes
5CSossBRgqQUcBJGkI9H8S,0.022,0.78,324600.0,0.604,0.0,0.194,-8.019,0.0396,101.043,0.12,1.0,4.0,yes
2RPl2HMZE0ycVf1UdlpUkA,0.00399,0.92,163133.0,0.635,0.0,0.149,-5.618,0.309,99.972,0.545,8.0,4.0,yes
5Mcvgt2GbxxCp6cz3Kfjey,0.325,0.906,193467.0,0.663,0.0,0.0883,-3.955,0.355,90.042,0.847,11.0,4.0,yes
6NOLpi1u8a1LmuQo1qWj2A,0.123,0.471,230480.0,0.597,0.0,0.444,-7.072,0.292,83.722,0.58,1.0,4.0,yes
3hpUL1gDZWiz8k4DtYhZsS,0.204,0.964,228333.0,0.727,0.0,0.0638,-4.441,0.121,107.067,0.913,2.0,4.0,yes
43PBE5b3RJgwfi1i9xKtEs,0.0144,0.686,207627.0,0.672,0.0,0.0653,-6.069,0.338,92.472,0.625,1.0,4.0,yes
7aSu6LKuIJDUOqb7aBQlBj,0.413,0.798,213960.0,0.817,0.0,0.114,-4.889,0.345,99.261,0.82,10.0,4.0,yes
6SzU93bVdZ3nDztroeWcng,0.346,0.604,224400.0,0.81,0.000143,0.0486,-4.1,0.307,92.099,0.911,6.0,4.0,yes
734ZSjvlOHj65eiWiLMh6a,0.272,0.891,299093.0,0.746,0.0,0.104,-4.71,0.134,101.007,0.962,11.0,4.0,yes
0AU0VWpaoihPEvxly76JVf,0.144,0.832,270493.0,0.791,0.0,0.0702,-5.997,0.288,95.007,0.602,4.0,4.0,yes
79HOQuvfM2rBOlbCHfNuPb,0.0346,0.66,249400.0,0.733,0.000191,0.0388,-3.315,0.35,79.772,0.871,10.0,4.0,yes
0C2lRyKTq9vZrO3B3Vzk71,0.272,0.812,226800.0,0.957,3.89e-06,0.0292,-2.755,0.244,98.862,0.779,11.0,4.0,yes
777Zkh39vKvy1dA0npFTU3,0.0177,0.902,265600.0,0.71,0.0,0.0946,-6.871,0.162,95.831,0.535,7.0,4.0,yes
70Wb2xKOAOte8iNkBpezQs,0.00419,0.668,263467.0,0.651,0.0,0.314,-5.407,0.0345,131.507,0.342,1.0,4.0,yes
4S7YMreltxQSetnI1yLfOP,0.0966,0.905,213160.0,0.783,0.0,0.0403,-3.607,0.156,96.042,0.804,10.0,4.0,yes
0LeNH0ywd7M2nDJFKtyEVr,0.0157,0.669,237960.0,0.584,0.0,0.07,-7.546,0.161,157.229,0.673,6.0,1.0,yes
3GKL13lkM5nRc4zC1lIOrR,0.203,0.9,236800.0,0.619,0.00156,0.0647,-6.518,0.312,94.121,0.864,4.0,4.0,yes
22Iv528hInSnHFjWYSVnq8,0.0484,0.901,219973.0,0.371,0.0,0.0978,-5.492,0.108,100.014,0.752,9.0,4.0,yes
6Nq5lE0CeOAAAqN4qhkbZU,0.688,0.662,239027.0,0.748,8.43e-06,0.0841,-3.041,0.268,82.331,0.535,5.0,4.0,yes
4D2cYdHqk8tu65jUig4OcN,0.0018,0.649,273827.0,0.515,0.0,0.0773,-8.869,0.0486,89.828,0.0766,10.0,4.0,yes
6M330EPRCVdZU6Sk5A0OF0,0.00382,0.6,238686.0,0.602,0.0,0.382,-9.748,0.218,193.995,0.612,11.0,4.0,yes
2fQ6sBFWaLv2Gxos4igHLy,0.00453,0.724,207547.0,0.87,0.0,0.833,-3.614,0.113,93.01,0.81,1.0,4.0,yes
5gflgO9EPbIBf16n5TKnQS,0.041,0.808,232020.0,0.697,0.0,0.0546,-5.899,0.241,95.06,0.554,10.0,4.0,yes
6mCVntXCdaFcV9gkmAqkWW,0.143,0.941,216333.0,0.719,0.0,0.0963,-4.822,0.0706,98.011,0.531,2.0,4.0,yes
2eSJflipjhSKLExuSwuFrO,0.0142,0.829,230400.0,0.688,2.05e-06,0.0461,-7.652,0.0978,93.857,0.869,8.0,4.0,yes
0Tz7WjYy8ZBQ3nsCJVXSqf,0.155,0.87,250667.0,0.758,0.0,0.0534,-3.977,0.252,92.082,0.856,2.0,4.0,yes
1Epb6Kfe3GTgKrrWs1Y4Wy,0.0339,0.585,225187.0,0.697,0.0,0.255,-6.126,0.357,133.177,0.402,1.0,5.0,yes
06cQPGrmqvyfoUp1fHZ7xW,0.135,0.802,242800.0,0.553,0.0,0.106,-9.277,0.145,94.955,0.355,7.0,4.0,yes
2eihCwBzshdVDSHtpDbKEN,0.365,0.815,199103.0,0.59,0.000516,0.256,-7.783,0.0538,102.046,0.542,7.0,4.0,yes
7n2Dqgp4iXd8Zorfj9XSYo,0.0197,0.926,192907.0,0.863,0.0,0.0484,-3.391,0.269,92.522,0.779,0.0,4.0,yes
1sBtEhGRIb8DLIJ6Iakvy4,0.283,0.869,209867.0,0.539,0.0,0.119,-6.708,0.0857,97.481,0.505,1.0,4.0,yes
6ST8fTROrYNpVYT0eIiscP,0.242,0.776,230987.0,0.533,0.0,0.181,-5.513,0.0581,97.004,0.444,5.0,4.0,yes
7znYx2SB5djRC3RtgkwUpR,0.000426,0.843,170933.0,0.748,0.0,0.106,-3.924,0.052,142.015,0.364,6.0,4.0,yes
4dRVShTy2Tjwga0h8GuKcT,0.863,0.718,235227.0,0.658,7.01e-05,0.106,-6.012,0.402,98.551,0.522,0.0,4.0,yes
5ra5c4NPCA4szK6hBbMs4u,0.46,0.958,360693.0,0.562,0.0,0.779,-10.408,0.217,117.013,0.857,3.0,4.0,yes
5z10z9Q1jbBGmxY7fC5plq,0.406,0.765,251547.0,0.611,0.0,0.0972,-4.554,0.291,90.691,0.641,10.0,4.0,yes
7l1miGs1tFnzxwWKYwceZY,0.0185,0.638,240627.0,0.831,0.000164,0.0769,-4.201,0.342,85.314,0.754,6.0,4.0,yes
1DpVTrPL1QsbSDqdBHw0Pg,0.085,0.786,304427.0,0.435,0.0,0.0822,-10.882,0.299,164.088,0.644,4.0,4.0,yes
4YAtIop3U0HsJ7jE94BCmX,0.000889,0.512,293720.0,0.965,0.0,0.264,-2.862,0.0842,132.007,0.743,11.0,4.0,yes
0pppIiLS63LpmagU1nizBq,0.117,0.715,250427.0,0.697,0.0,0.337,-4.837,0.113,140.001,0.759,10.0,4.0,yes
3wKKkGVn7cVSfgPeYYIiXG,0.0506,0.729,250667.0,0.658,0.0,0.0693,-3.386,0.225,140.043,0.551,10.0,3.0,yes
04GRz5WkRVmPSGuZFJnuma,0.127,0.792,206440.0,0.807,0.0,0.138,-4.439,0.191,99.966,0.42,9.0,4.0,yes
1Kp4JGkQqP9woeGtB3IeWx,0.00676,0.699,264307.0,0.34,0.0,0.053,-10.032,0.0339,89.974,0.0541,8.0,4.0,yes
0DLOyyQvwPTSDKuhpzMMwA,0.0948,0.728,231040.0,0.327,0.0,0.103,-11.596,0.0999,100.0,0.195,0.0,4.0,yes
7dTWoWDSc1gQA0BpJXKBBQ,0.213,0.92,287200.0,0.555,0.0,0.078,-5.053,0.187,111.987,0.928,6.0,5.0,yes
1RGIjMFMgJxkZHMDXVYzOJ,0.0564,0.832,238800.0,0.391,0.0,0.224,-8.504,0.0628,104.961,0.436,8.0,4.0,yes
2veAjMS3fbCnQad21buZcf,0.16,0.748,209547.0,0.716,0.0,0.0744,-5.995,0.123,109.761,0.485,10.0,4.0,yes
6RlehUBvagbFzhADlLh5W3,0.0765,0.401,255413.0,0.682,0.0,0.0779,-5.66,0.137,158.014,0.259,4.0,4.0,yes
2E2U9m4MPBq1CUXVfFfhti,0.543,0.715,248200.0,0.731,0.0,0.0689,-4.948,0.323,173.005,0.903,8.0,4.0,yes
4SVLlDIeY6w5axpMVhy0qH,0.123,0.861,334773.0,0.488,0.000105,0.299,-7.892,0.272,92.968,0.562,9.0,4.0,yes
4T90fwS4tw1Qlxige4a9mK,0.0455,0.843,247467.0,0.427,0.00314,0.133,-9.619,0.167,148.062,0.562,0.0,4.0,yes
7oAZVxmRCVFanxK7tk16vv,0.0432,0.764,217600.0,0.875,0.0,0.236,-4.27,0.273,98.565,0.573,11.0,4.0,yes
2q4rjDy9WhaN3o9MvDbO21,0.0185,0.758,193387.0,0.712,0.0,0.0677,-3.781,0.112,149.998,0.795,7.0,4.0,yes
5wzxzjEwfITwFSOve1usTV,0.104,0.783,262760.0,0.489,0.0,0.103,-5.169,0.0534,75.883,0.378,7.0,4.0,yes
6hT7jL1KmDyCxWOhuzF0lA,0.015,0.796,350067.0,0.759,0.0,0.278,-3.428,0.047,130.004,0.561,4.0,4.0,yes
6J6uA4t4EwREnQxuZo8Sha,0.133,0.931,254733.0,0.619,8.31e-06,0.033,-6.961,0.292,98.05,0.645,7.0,4.0,yes
7aXXjA800sXYKpM8D9pCVT,0.0901,0.693,278800.0,0.88,0.0,0.211,-3.228,0.0661,88.088,0.397,11.0,4.0,yes
3jEqrIfwKO0M8ALu3TGilF,0.0465,0.714,205840.0,0.6,0.0,0.0646,-8.365,0.0876,82.017,0.504,6.0,4.0,yes
6o2g1BJvtYQssH84kBYs7y,0.0155,0.874,265600.0,0.714,0.0,0.0968,-6.664,0.129,95.826,0.541,7.0,4.0,yes
5FLDJFFHzXkjrkpMSr6amv,0.0808,0.844,228533.0,0.842,0.0,0.0637,-3.973,0.34,75.006,0.656,5.0,4.0,yes
5KQbGJHZvvvxgsTfmJtNtX,0.164,0.687,216867.0,0.712,0.0,0.434,-6.89,0.364,84.897,0.723,0.0,4.0,yes
7dbJh6sbJqgaxI3Bdax4qu,0.0427,0.837,233387.0,0.656,0.0,0.115,-4.32,0.322,140.113,0.401,11.0,4.0,yes
27mhCGdAA8gM7b33KIiB3k,0.0102,0.641,222027.0,0.72,0.0,0.154,-4.326,0.0552,77.969,0.578,11.0,4.0,yes
1Q1jlFs004vwB0DOznii3K,0.0112,0.691,230853.0,0.543,0.0,0.098,-8.161,0.143,80.047,0.587,1.0,4.0,yes
4KsRhsifjqKgnfQHVIgJke,0.204,0.62,243053.0,0.657,0.0,0.292,-6.055,0.148,142.996,0.58,3.0,3.0,yes
1djfwy9FvafpK4KhznjjeI,0.072,0.756,232480.0,0.532,0.0,0.0579,-6.508,0.0934,149.975,0.869,6.0,4.0,yes
4Ilen0VxPEsVRLpnePji8P,0.179,0.568,258667.0,0.732,4.92e-06,0.401,-4.896,0.103,186.048,0.626,11.0,4.0,yes
2ndijl7rjAD2quL0r1Wm2h,0.169,0.767,169973.0,0.867,0.000877,0.136,-5.663,0.0624,168.891,0.938,1.0,4.0,yes
4fVr2s8q66lmocuFBB6pHg,0.261,0.704,329720.0,0.883,0.0,0.114,-3.894,0.246,92.317,0.762,11.0,4.0,yes
6fju5NbZznZRZDfP7mpZ56,0.0288,0.727,229800.0,0.831,0.00038,0.145,-8.699,0.126,97.6,0.579,7.0,4.0,yes
7g7o2dAUn0Dz4h4CLeJSxh,0.0569,0.883,241827.0,0.571,0.0,0.126,-8.411,0.0622,83.989,0.628,11.0,4.0,yes
3FaUH7ZMjW1hv9Jx6MIAIf,0.0218,0.845,225187.0,0.346,0.0,0.135,-9.381,0.106,93.989,0.819,0.0,4.0,yes
0Uhnzk5zI46IRlQ04LNOtc,0.0256,0.791,232533.0,0.666,6.33e-06,0.0796,-5.484,0.341,90.345,0.938,8.0,4.0,yes
4AcScHuxr9xAqqyxxTMAhu,0.203,0.441,257680.0,0.929,0.0,0.165,-2.199,0.337,162.395,0.546,5.0,4.0,yes
5pVFgzacZ4gM3iOFcFxasz,0.00183,0.698,179493.0,0.749,0.0,0.103,-2.727,0.0353,82.509,0.278,6.0,4.0,yes
41NERW1yvffM0xQknvhKmy,0.00391,0.957,246080.0,0.785,0.0,0.1,-6.291,0.0729,117.017,0.804,8.0,4.0,yes
0tDQlF2t00FEAlizuaHpbO,0.00861,0.591,221227.0,0.745,7.05e-06,0.161,-6.112,0.217,82.999,0.656,7.0,4.0,yes
4XtBHziZZRjtv8bRZwWqsN,0.338,0.94,212347.0,0.753,0.0,0.0997,-5.183,0.0473,118.988,0.953,5.0,4.0,yes
5QTWAj4eiLac88p9y9Zp0F,0.0238,0.871,214893.0,0.713,0.00069,0.109,-8.731,0.308,143.201,0.914,6.0,4.0,yes
6ls5ulRydoPE7oWGPGBqFA,0.307,0.633,235067.0,0.529,0.0,0.342,-7.85,0.0339,90.08,0.578,5.0,4.0,yes
2cxbxpHrND6i4uvUGVvC9J,0.00541,0.538,214200.0,0.677,0.0,0.236,-6.099,0.187,132.346,0.913,0.0,5.0,yes
3ClTgDPEFvwQnuDGZXerRV,0.233,0.712,238093.0,0.675,0.0,0.132,-5.36,0.121,83.074,0.46,1.0,4.0,yes
3XKIUb7HzIF1Vu9usunMzc,0.0406,0.777,261973.0,0.601,0.00201,0.0348,-5.931,0.126,97.911,0.68,2.0,4.0,yes
2IyL2CyHoenwQLds5jSuqK,0.0851,0.66,200720.0,0.623,0.0,0.0841,-7.321,0.152,179.986,0.736,7.0,4.0,yes
6DbqCKweKwVkHgRv1CI53D,0.00308,0.723,261027.0,0.644,0.0,0.352,-6.863,0.222,144.09,0.645,11.0,4.0,yes
4xwRtK6tfMp4yZwcDvY0gT,0.0202,0.818,250173.0,0.883,0.000767,0.243,-4.547,0.0695,93.67,0.405,0.0,4.0,yes
07m6LTGN2hYT8EpZIi5Qzl,0.0231,0.833,235333.0,0.564,0.0,0.106,-4.955,0.0771,89.999,0.405,7.0,4.0,yes
7MTPoaLvTBj4zv3g2w4jmS,0.0961,0.703,253933.0,0.917,0.0,0.0379,-3.485,0.543,126.417,0.692,1.0,5.0,yes
4LiJE6pqgsTX3FtukW6bNh,0.00645,0.621,256213.0,0.923,7.28e-05,0.108,-3.124,0.0321,127.973,0.716,2.0,4.0,yes
7xXSaVgEvUrV1GCc3oO8HC,0.0181,0.655,237693.0,0.997,0.0574,0.324,-2.643,0.0367,121.053,0.924,6.0,4.0,yes
1X7654uBsdVKnZAqyIJT7y,8.04e-05,0.51,227040.0,0.962,0.203,0.339,-6.268,0.0537,180.375,0.38,5.0,4.0,yes
2ahnofp2LbBWDXcJbMaSTu,0.0222,0.683,270373.0,0.772,0.0149,0.203,-7.907,0.0311,123.871,0.737,7.0,4.0,yes
2L5FEDC0MU2a6OEkLjByEd,0.0726,0.667,248533.0,0.999,4.16e-05,0.238,-4.375,0.0828,149.875,0.566,1.0,4.0,yes
3jd4ya9vCwExxTVOjPcqsf,0.0513,0.818,206560.0,0.564,0.0,0.0672,-6.312,0.186,95.023,0.535,2.0,4.0,yes
3y8KDRh8WjpOld0q6rPba1,0.0126,0.443,275600.0,0.943,0.00152,0.352,-7.291,0.173,105.427,0.523,7.0,3.0,yes
0ztClGwQQ9KftOO7JFcWrb,0.242,0.672,252693.0,0.875,0.000902,0.267,-6.943,0.0412,99.993,0.896,10.0,4.0,yes
6e40mgJiCid5HRAGrbpGA6,0.216,0.689,213600.0,0.702,0.0,0.159,-5.642,0.0261,99.031,0.484,6.0,4.0,yes
5N6M8yDiMV32T6Rkzh8EbW,0.0117,0.801,202583.0,0.948,0.457,0.025,-4.623,0.0386,138.489,0.968,11.0,4.0,yes
4ih3dyFZoeTdaeJW9mPbOI,0.0726,0.703,257467.0,0.997,0.0235,0.123,-7.666,0.0399,132.872,0.391,9.0,4.0,yes
1Je1IMUlBXcx1Fz0WE7oPT,0.101,0.768,173027.0,0.864,0.0,0.162,-6.145,0.0324,110.008,0.891,11.0,4.0,yes
1btqbebzIS2IK0QkRUpShJ,0.073,0.776,230733.0,0.944,0.0,0.0866,-4.854,0.0404,113.012,0.757,8.0,4.0,yes
6sbXGUn9V9ZaLwLdOfpKRE,0.11,0.661,232827.0,0.973,1.74e-05,0.617,-2.994,0.037,108.037,0.75,0.0,4.0,yes
01kVVoJQuWVqaOvRgRztJD,0.00136,0.759,240933.0,0.822,0.0171,0.131,-7.268,0.0367,124.713,0.94,5.0,4.0,yes
7CKbqqrs0AS1si1ZgaQdcj,0.163,0.431,265333.0,0.59,1.11e-05,0.0981,-6.362,0.0284,150.193,0.257,4.0,4.0,yes
0pXhsuk0u7vzOtBYdFkaAs,0.00764,0.631,236693.0,0.85,0.0155,0.324,-6.806,0.0436,140.017,0.512,0.0,4.0,yes
0UQhKr79tTjADwLHb77CwE,0.189,0.672,232040.0,0.903,6.14e-05,0.374,-6.534,0.0484,138.021,0.713,8.0,4.0,yes
59VRFpPnC8pOhIH2WCWXF9,0.0449,0.728,247406.0,0.784,0.0918,0.0964,-11.776,0.0379,129.981,0.964,11.0,4.0,yes
4RADreHMvMkZwsPgPr9z5c,0.273,0.794,225882.0,0.745,0.000414,0.143,-11.367,0.037,124.249,0.706,9.0,4.0,yes
5ZrDlcxIDZyjOzHdYW1ydr,0.0167,0.812,197960.0,0.879,0.224,0.366,-10.998,0.0397,129.991,0.962,1.0,4.0,yes
1nRwyxNsqCLeA17qR8Nfxx,0.0615,0.8,233533.0,0.875,2.79e-06,0.13,-4.952,0.0338,100.033,0.882,11.0,4.0,yes
3MjUtNVVq3C8Fn0MP3zhXa,0.202,0.759,211067.0,0.699,0.000131,0.443,-5.745,0.0307,92.96,0.907,0.0,4.0,yes
1B75hgRqe7A4fwee3g3Wmu,0.00456,0.867,257360.0,0.517,0.000339,0.0864,-13.222,0.0875,133.148,0.866,11.0,4.0,yes
1gZ7i4qxXkHZb1r6eioaAP,0.00516,0.877,272080.0,0.637,2.5e-06,0.0959,-3.493,0.101,119.988,0.569,1.0,4.0,yes
1H5VQuShs4qfwBXyHF0PeH,0.000876,0.617,236150.0,0.607,0.0701,0.0918,-7.015,0.0231,102.068,0.446,1.0,4.0,yes
0Jg602cHeMCnPez9baacIe,0.0124,0.738,193827.0,0.937,0.00206,0.0338,-7.788,0.0668,131.994,0.614,9.0,4.0,yes
2df5QsXucx4VLiHNGusXD5,0.237,0.737,253107.0,0.93,1.57e-06,0.0911,-6.083,0.0534,103.191,0.965,1.0,4.0,yes
6kWJvPfC4DgUpRsXKNa9z9,0.00547,0.798,211213.0,0.625,7.98e-05,0.103,-9.689,0.0548,93.764,0.858,11.0,4.0,yes
67T6l4q3zVjC5nZZPXByU8,0.0444,0.615,221253.0,0.711,0.0,0.145,-5.507,0.0779,144.036,0.711,11.0,4.0,yes
3RM5RpRDDdST1njqOMG141,0.179,0.843,196120.0,0.8,0.0,0.118,-4.061,0.0336,133.026,0.961,1.0,4.0,yes
4nnHlGaBwJHb1rBetqj0Yl,0.161,0.812,213920.0,0.968,0.0,0.0661,-3.758,0.0421,130.093,0.706,0.0,4.0,yes
7M2wk27EePpYr9TH3uZY1r,0.149,0.689,209014.0,0.878,5.7e-06,0.147,-8.052,0.0378,128.033,0.809,6.0,4.0,yes
623rRTKwGmgjH6sjE9uWLh,0.0662,0.65,215973.0,0.82,0.00272,0.215,-10.9,0.0356,135.982,0.757,5.0,4.0,yes
2YsSQIQjeMbqk7RLTQg7u9,0.0143,0.512,228333.0,0.971,0.152,0.146,-4.804,0.0506,182.028,0.741,5.0,4.0,yes
5PTWlk21hqWnFu841NOp7k,0.0027,0.744,215067.0,0.933,0.000315,0.114,-4.875,0.0329,145.977,0.911,4.0,4.0,yes
0hrBpAOgrt8RXigk83LLNE,0.00928,0.808,191240.0,0.786,0.0701,0.0574,-6.897,0.0447,96.987,0.899,4.0,4.0,yes
0sP5kWa0azj9ucsZCSQxUS,0.0274,0.817,216640.0,0.931,0.00133,0.042,-6.518,0.0413,140.258,0.984,9.0,4.0,yes
3jxxYgf0lK155eeuSO5sH1,0.00493,0.735,195107.0,0.857,2.92e-05,0.251,-8.592,0.0728,99.029,0.662,9.0,4.0,yes
6dHTkQYY3zdR9i9Nj0IGVW,0.0394,0.863,230760.0,0.781,0.000292,0.125,-8.546,0.0785,122.938,0.764,5.0,4.0,yes
2yAVzRiEQooPEJ9SYx11L3,0.259,0.822,283748.0,0.969,0.000153,0.39,-11.471,0.0582,128.007,0.765,7.0,4.0,yes
11mwFrKvLXCbcVGNxffGyP,0.209,0.633,217573.0,0.8,0.000123,0.137,-6.945,0.166,175.716,0.913,1.0,4.0,yes
1SssFw74DdHVjRa6ADggdD,0.0124,0.787,227067.0,0.728,0.0,0.157,-7.705,0.218,173.026,0.94,0.0,4.0,yes
1DIXPcTDzTj8ZMHt3PDt8p,0.0655,0.647,240693.0,0.514,0.0,0.398,-10.05,0.0593,79.975,0.386,8.0,4.0,yes
4XZwpHpscrMkbpQPqjnwRJ,0.0438,0.868,299333.0,0.537,0.633,0.0604,-9.038,0.0783,125.02,0.764,10.0,4.0,yes
2LjiPAQOVazT8sRyXL3XRs,0.0984,0.763,268910.0,0.742,0.0,0.38,-10.975,0.188,98.145,0.483,6.0,4.0,yes
4BggEwLhGfrbrl7JBhC8EC,0.00132,0.736,216733.0,0.811,0.000142,0.107,-4.17,0.081,103.502,0.609,9.0,4.0,yes
27AHAtAirQapVldIm4c9ZX,0.000501,0.749,195107.0,0.745,0.00403,0.333,-10.625,0.164,101.972,0.481,2.0,4.0,yes
3XVozq1aeqsJwpXrEZrDJ9,0.0025,0.979,254467.0,0.792,7.71e-06,0.102,-2.784,0.0388,116.012,0.583,2.0,4.0,yes
5bYN7ttTmfpZYDgEqRF9sT,0.0114,0.848,249787.0,0.893,0.326,0.27,-10.079,0.0545,129.089,0.657,1.0,4.0,yes
0cuq829zRNq4AEdmDJA4aw,0.00165,0.544,256947.0,0.905,1.97e-06,0.0532,-10.732,0.0646,103.594,0.825,7.0,4.0,yes
1H5tvpoApNDxvxDexoaAUo,0.0605,0.869,198400.0,0.887,0.0,0.148,-4.505,0.0993,129.221,0.784,0.0,4.0,yes
4fxF8ljwryMZX5c9EKrLFE,0.242,0.867,249933.0,0.538,1.75e-05,0.316,-16.183,0.361,158.328,0.781,2.0,4.0,yes
0ZqveF2rEFlz2oqF2xrriP,0.0173,0.74,285427.0,0.876,0.00152,0.0785,-6.87,0.0369,127.002,0.825,6.0,4.0,yes
37tzoWY1ubBQKGXiWdO5Qv,0.0346,0.734,272093.0,0.828,0.118,0.071,-11.018,0.0318,127.06,0.964,10.0,4.0,yes
0FkLMOUTkSTPSAYkIXQ579,0.0775,0.637,242053.0,0.878,0.0227,0.364,-4.449,0.0302,139.053,0.742,7.0,4.0,yes
3M8Udb8BCORTooCQAjo4R2,0.171,0.771,221693.0,0.938,0.00664,0.0846,-6.0,0.0288,130.028,0.936,9.0,4.0,yes
6UEfyhyfhYQsyipxOd95Ie,0.0193,0.607,213973.0,0.923,1.1e-06,0.0924,-6.777,0.0948,184.819,0.868,1.0,4.0,yes
5YZuePCawcrg0DJrWovPu7,0.0972,0.875,187453.0,0.941,0.000143,0.184,-6.438,0.0474,136.044,0.968,0.0,4.0,yes
5EYdTPdJD74r9EVZBztqGG,0.00397,0.831,260507.0,0.735,0.0205,0.123,-6.254,0.0384,122.979,0.97,0.0,4.0,yes
015p8TgFahkz0viuux9YGJ,0.0127,0.712,313427.0,0.946,0.253,0.419,-11.8,0.0321,144.885,0.983,4.0,4.0,yes
2goLsvvODILDzeeiT4dAoR,0.0082,0.652,239027.0,0.917,0.0,0.0509,-6.72,0.0548,132.975,0.459,6.0,4.0,yes
1SfYqNab6yiVBKUHhEXGAD,0.335,0.726,214667.0,0.888,0.000345,0.689,-7.191,0.0726,136.29,0.617,5.0,4.0,yes
5UmGJS0jd1r52OjnNvVHvU,0.0852,0.895,199107.0,0.92,0.0,0.16,-5.18,0.187,99.998,0.891,1.0,4.0,yes
3dxDj8pDPlIHCIrUPXuCeG,0.146,0.532,225667.0,0.967,0.985,0.115,-7.977,0.0457,136.083,0.59,11.0,4.0,yes
1n7omixiROWs5q6xpWiQuL,0.163,0.793,285571.0,0.698,0.145,0.0745,-3.626,0.104,130.017,0.339,11.0,4.0,yes
3YB6nCSuFqNiqOvPtAPK9X,0.00319,0.673,241133.0,0.842,1.08e-05,0.952,-10.171,0.0304,134.802,0.806,1.0,4.0,yes
6NLAzDPHSlV2bl7XbmivOq,0.111,0.767,316138.0,0.869,0.0688,0.0815,-7.323,0.0334,124.254,0.849,9.0,4.0,yes
3L9RIFcNF9IDGPRE96EO7N,0.000232,0.69,264280.0,0.805,0.739,0.095,-11.522,0.0336,127.808,0.799,5.0,4.0,yes
2wz5weI4PREzpexKfrKgwv,0.0784,0.656,204587.0,0.956,0.0247,0.0923,-5.647,0.0536,133.713,0.831,11.0,4.0,yes
0ibYVniVLMJWvc3eNfYk8T,0.000683,0.721,244133.0,0.924,0.00382,0.0817,-8.282,0.0396,130.947,0.694,1.0,4.0,yes
74jTexO94dFGyXGyeu8krd,0.202,0.749,221187.0,0.988,0.00631,0.17,-5.266,0.0387,135.015,0.749,0.0,4.0,yes
2rTYgHxgcndkUrRoU7x0Sv,0.0478,0.676,336840.0,0.996,0.262,0.333,-7.946,0.0397,132.871,0.4,9.0,4.0,yes
5UqCQaDshqbIk3pkhy4Pjg,0.0462,0.584,199907.0,0.889,0.828,0.309,-5.941,0.0343,126.04,0.464,1.0,4.0,yes
1mv4lh1rW1K6xhxhJmEezy,0.00128,0.729,260907.0,0.662,0.208,0.305,-7.191,0.337,124.149,0.359,5.0,4.0,yes
0xTySVrQi5Li96Wu7pCp80,0.186,0.657,238400.0,0.723,0.925,0.0967,-14.516,0.0297,139.997,0.634,2.0,4.0,yes
0wYVNC09iLBVIqHB07Hckt,0.135,0.658,261093.0,0.878,0.591,0.0948,-6.834,0.0346,130.009,0.907,8.0,4.0,yes
4RQGig0Vhr4GXmqfklCCyK,0.326,0.541,189701.0,0.931,0.129,0.325,-9.687,0.0552,128.584,0.148,10.0,4.0,yes
6bFGodepI4y7w4AJBcCB1E,0.000565,0.762,425560.0,0.757,0.301,0.0495,-8.459,0.0347,126.206,0.755,1.0,4.0,yes
3AAufodtnqwvGMzklCU7qd,0.0413,0.784,302133.0,0.891,0.0147,0.244,-12.602,0.0737,127.269,0.955,8.0,4.0,yes
3W6WaJa1wRQfbhqotaHtyM,0.00793,0.655,474333.0,0.486,0.3,0.129,-16.934,0.0337,127.214,0.449,9.0,4.0,yes
60tsXfCcG6Ljxsr8whOXL5,0.000573,0.694,224200.0,0.823,0.00102,0.134,-5.739,0.048,132.337,0.501,6.0,4.0,yes
5DLxa90qJDrft9CXVFBfi4,0.000244,0.718,213933.0,0.826,0.0312,0.335,-5.648,0.0904,129.403,0.544,7.0,4.0,yes
4rwpZEcnalkuhPyGkEdhu0,0.00336,0.523,243354.0,0.944,0.557,0.119,-3.581,0.0837,139.997,0.324,7.0,4.0,yes
14epucTZd8dLIYipdByNZS,0.000643,0.733,374125.0,0.821,0.367,0.0617,-6.021,0.0991,128.013,0.63,7.0,4.0,yes
0VffaI2jwQknRrxpECYHsF,0.00666,0.723,410097.0,0.806,0.876,0.276,-4.989,0.0521,124.976,0.539,0.0,4.0,yes
06h3McKzmxS8Bx58USHiMq,0.155,0.605,211880.0,0.8,0.0562,0.121,-6.235,0.0545,128.074,0.836,5.0,4.0,yes
1zIEwDU2IZyHjy17ssOvyr,0.00355,0.654,410897.0,0.737,0.000273,0.0807,-6.435,0.108,127.001,0.223,0.0,4.0,yes
043bfUkTydw0xJ5JjOT91w,0.0144,0.632,403493.0,0.88,0.0021,0.118,-4.051,0.0463,129.007,0.338,2.0,4.0,yes
4qxUFzBKlmP98kIRKFszju,0.00489,0.529,276627.0,0.804,0.69,0.779,-4.882,0.029,140.004,0.316,1.0,4.0,yes
2lLFCl7O5GWhR6RcuC4VXd,0.000269,0.423,284813.0,0.818,2.06e-05,0.238,-3.068,0.0348,140.038,0.158,2.0,4.0,yes
60wwxj6Dd9NJlirf84wr2c,0.0398,0.509,271427.0,0.781,0.0,0.0749,-3.48,0.072,128.0,0.176,8.0,4.0,yes
2ISSQPb9LHHiV6ng2NXosL,0.0079,0.628,218293.0,0.833,1.48e-05,0.074,-4.126,0.0282,128.003,0.56,11.0,4.0,yes
46lFttIf5hnUZMGvjK0Wxo,0.00711,0.506,227074.0,0.805,0.00193,0.0856,-4.119,0.0469,126.008,0.383,1.0,4.0,yes
6fKEplI9iN0JMHsRGQESaT,0.00145,0.547,248280.0,0.878,0.344,0.336,-4.245,0.0485,128.018,0.405,3.0,4.0,yes
0qlAureWHln3vDCsqnkyRE,0.06,0.579,296280.0,0.759,0.000138,0.117,-5.584,0.0386,127.875,0.127,2.0,4.0,yes
2CgOd0Lj5MuvOqzqdaAXtS,0.00293,0.276,218965.0,0.796,0.0,0.184,-4.499,0.0579,199.526,0.26,0.0,4.0,yes
1JY6B9ILvmRla2IKKRZvnH,0.034,0.47,350690.0,0.706,1.31e-06,0.0726,-4.902,0.0322,88.519,0.327,0.0,4.0,yes
6BivCuyKJtgLa9ooFsvUoZ,0.0331,0.589,279000.0,0.713,0.000411,0.178,-3.756,0.0976,92.018,0.547,10.0,4.0,yes
18cCBvygH6yEFDY0cYN3wT,0.00755,0.496,368373.0,0.55,0.0122,0.0814,-5.418,0.034,90.036,0.144,2.0,4.0,yes
5x5zRAJy1a8lSKWCCKSCIH,0.00786,0.638,252493.0,0.955,0.000128,0.16,-2.247,0.0274,137.987,0.6,6.0,4.0,yes
5fQYWlXGarlfseuxG0F403,0.00501,0.791,502800.0,0.84,0.158,0.0696,-6.179,0.0905,131.581,0.539,11.0,4.0,yes
3cJh89D0za2SW705fNBo3b,6.42e-05,0.61,285533.0,0.918,0.0853,0.273,-4.817,0.0298,127.864,0.415,0.0,4.0,yes
1j6lrR4BzRGKwvAPfrIcbf,0.000508,0.606,295027.0,0.9,0.901,0.112,-5.168,0.0547,140.035,0.115,6.0,4.0,yes
144adL7pGHEWRwute2wxzZ,0.000941,0.545,216027.0,0.953,0.117,0.281,-5.172,0.0441,140.002,0.558,7.0,4.0,yes
0EcH1iItB5rVIZaaiQMbsG,0.00212,0.617,190427.0,0.79,0.0455,0.159,-6.983,0.0365,138.001,0.267,3.0,4.0,yes
33yAEqzKXexYM3WlOYtTfQ,0.034,0.613,242267.0,0.962,0.0,0.824,-5.07,0.278,113.015,0.496,6.0,4.0,yes
5lgS45xqkTk2HVm7Jph9ya,7.37e-05,0.593,216893.0,0.836,0.0,0.117,-4.774,0.0463,127.087,0.406,10.0,4.0,yes
4EzZPB8OujNAeND6C2SduJ,0.0153,0.742,319493.0,0.734,0.728,0.0493,-11.393,0.04,126.988,0.723,1.0,4.0,yes
0uqvSVhGgQTIdj9G51vhvv,0.00653,0.791,245000.0,0.658,0.0,0.0472,-11.128,0.0445,120.066,0.842,7.0,4.0,yes
3lX3jXOthWEzahVB1JSC2D,0.101,0.636,258933.0,0.645,1.64e-05,0.0686,-11.64,0.0873,128.43,0.711,6.0,4.0,yes
7nmvwosdapB8Bro5uIM7n2,0.0238,0.794,464267.0,0.736,0.00293,0.0767,-8.626,0.0635,120.255,0.687,5.0,4.0,yes
0lHAMNU8RGiIObScrsRgmP,0.0678,0.604,245040.0,0.788,0.153,0.127,-3.673,0.103,126.06,0.301,0.0,4.0,yes
0DhH2Soc7KYFxofj2AZzeB,0.00697,0.782,385147.0,0.786,0.792,0.0886,-7.67,0.0601,135.236,0.403,9.0,4.0,yes
4WFOXw0UnppTTagEAlrpAK,0.151,0.682,213347.0,0.917,0.0668,0.34,-5.459,0.0318,137.031,0.79,11.0,4.0,yes
1QJFW9TapmQA41A1gp9nNe,0.0127,0.593,417533.0,0.738,0.00391,0.156,-6.93,0.0248,134.989,0.506,11.0,4.0,yes
1HfPcQ3c2HyGeID3u1lmCa,0.0834,0.491,222500.0,0.857,7.57e-06,0.344,-2.634,0.0656,129.971,0.395,7.0,4.0,yes
05SBRd4fXgn8FX7bf8BCAE,0.41,0.695,234507.0,0.869,0.0,0.237,-5.066,0.0483,124.989,0.58,8.0,4.0,yes
2QtJA4gbwe1AcanB2p21aP,0.109,0.596,217347.0,0.738,0.0,0.0947,-3.109,0.0411,127.961,0.461,8.0,4.0,yes
1dFkD1JfRMzwO6hwUsE8aS,0.0137,0.609,243413.0,0.801,0.00349,0.127,-4.417,0.034,129.99,0.407,0.0,4.0,yes
2VtX9viww814jnWFERUhAS,0.00792,0.688,347280.0,0.694,0.0117,0.365,-5.335,0.0451,128.009,0.576,9.0,4.0,yes
4OIMUs3KgUh77mjzJ8I5f9,0.0119,0.781,203827.0,0.881,0.389,0.0797,-3.804,0.0423,125.935,0.868,9.0,4.0,yes
3NRDLYyqIXja0UElvdzjkB,0.0169,0.738,368476.0,0.613,0.0493,0.0684,-6.001,0.403,127.988,0.407,6.0,4.0,yes
0nejfXN5tjdICWIdfakXWx,0.0244,0.621,266107.0,0.74,0.00219,0.174,-6.925,0.034,119.993,0.349,8.0,4.0,yes
0AnJGlNdR56Hco4c2f4IYz,0.0297,0.482,209467.0,0.757,0.0,0.0819,-3.387,0.042,95.002,0.412,0.0,4.0,yes
1pUsdir2xhSxP0RyBe9lLH,0.000208,0.479,214653.0,0.829,0.365,0.12,-2.284,0.0514,126.104,0.146,1.0,4.0,yes
7gUg4GdOA6Y6yRDe36GIjK,0.00837,0.184,221286.0,0.871,0.167,0.15,-3.245,0.0661,127.972,0.21,8.0,4.0,yes
1eyzqe2QqGZUmfcPZtrIyt,0.0161,0.526,241440.0,0.712,0.0,0.179,-6.525,0.0356,105.009,0.32,11.0,4.0,yes
7kXmJwrZGIhDaLT9sNo3ut,0.119,0.632,290493.0,0.92,0.508,0.114,-4.976,0.0531,127.001,0.363,2.0,4.0,yes
1pKYYY0dkg23sQQXi0Q5zN,0.00356,0.956,429533.0,0.795,0.889,0.0906,-5.311,0.15,121.294,0.841,7.0,4.0,yes
7mCQK9YB25WZw1saUjfL4e,0.0117,0.665,413880.0,0.991,0.00392,0.339,-6.725,0.256,152.596,0.0676,7.0,4.0,yes
2iwGE4y7yF8qzKc5WZ2Z8R,0.00306,0.604,343387.0,0.995,0.626,0.109,-3.641,0.164,136.216,0.262,10.0,4.0,yes
7g8cjrj0sXScNE727685JE,0.00415,0.714,207267.0,0.528,0.854,0.0819,-8.789,0.0692,139.983,0.297,6.0,4.0,yes
3UPBOL5UtCZmJRwioMkfLD,0.00683,0.663,221160.0,0.925,0.703,0.185,-6.775,0.0449,132.687,0.843,9.0,4.0,yes
3bUNyRrTFJDd4mqvUcb1Aa,0.00107,0.542,264187.0,0.966,0.128,0.0984,-8.255,0.0421,140.071,0.351,10.0,4.0,yes
7gWc0QEt2hoIkMv3XxPY1T,0.0352,0.71,213547.0,0.757,0.00306,0.138,-10.636,0.0302,127.107,0.492,7.0,4.0,yes
4HVGC52IogHANcKFA0QYiT,0.069,0.778,161627.0,0.618,0.0,0.362,-7.667,0.0827,126.065,0.693,0.0,4.0,yes
6v4wES772fbDP9GzjGXMK6,0.194,0.833,202000.0,0.51,0.753,0.0694,-11.754,0.0868,120.0,0.375,7.0,4.0,yes
3v2oAQomhOcYCPPHafS3KV,0.000702,0.275,543453.0,0.721,0.821,0.0792,-6.222,0.0359,125.156,0.184,6.0,4.0,yes
4q4AsJhNDkL7kmdRHXacur,0.094,0.681,259085.0,0.903,0.00102,0.196,-9.99,0.0344,134.983,0.812,1.0,4.0,yes
3vRYtf5xgPrYeVzAmqvzTd,0.0421,0.863,220227.0,0.736,5.03e-05,0.0968,-6.888,0.0439,124.013,0.739,0.0,4.0,yes
0LSLM0zuWRkEYemF7JcfEE,0.000369,0.812,284280.0,0.516,1.09e-05,0.0991,-6.963,0.224,127.498,0.633,9.0,4.0,yes
0tdxwIjvZq1SXuyghptjRO,0.000305,0.735,372960.0,0.51,0.284,0.0656,-6.969,0.0553,126.977,0.125,9.0,4.0,yes
5gDVFVaMndsyTDegGYX5cU,0.0131,0.604,241846.0,0.633,0.128,0.149,-11.2,0.0501,130.027,0.829,9.0,4.0,yes
57nKL06bKwjaM5Y0aMtY9v,0.067,0.526,181680.0,0.705,6.4e-05,0.125,-6.777,0.0301,134.947,0.413,5.0,4.0,yes
5VHbwTo0bWAdzVQPa5NNdg,0.00586,0.761,399323.0,0.777,0.741,0.296,-8.303,0.0885,127.996,0.769,6.0,4.0,yes
1g8tfpzmnzwf9dthE8abM3,0.00142,0.667,438333.0,0.918,0.734,0.165,-7.997,0.0752,144.001,0.344,9.0,4.0,yes
52PYQA6qjO2HEg8hAsfGmt,0.00648,0.732,205922.0,0.994,0.0238,0.138,-4.812,0.0397,134.286,0.0594,7.0,4.0,yes
4Wcskrwj034NGV14g0EGCL,2.37e-05,0.627,408125.0,0.936,0.916,0.229,-8.361,0.0946,132.999,0.386,8.0,4.0,yes
5sdDzzl866nMO5HQaNWrUH,0.2,0.69,180893.0,0.76,0.289,0.0779,-10.18,0.101,145.03,0.858,6.0,4.0,yes
2yWyFT6bW1Rd9cjVvYi4v8,0.00346,0.742,360427.0,0.798,0.00131,0.259,-8.263,0.0558,128.967,0.928,9.0,4.0,yes
3MCCYUXWRRGVk4sf2IhzoJ,0.00096,0.696,255920.0,0.679,6.5e-06,0.111,-9.108,0.0312,130.011,0.886,1.0,4.0,yes
6B8Sm7JafUT6zMfMkWWnH0,0.00662,0.642,379907.0,0.996,0.75,0.181,-4.343,0.0557,144.993,0.161,5.0,4.0,yes
0UGXglDH1G7CBRRuXQxFM0,0.0181,0.838,247893.0,0.965,0.213,0.0585,-4.992,0.0866,163.845,0.893,11.0,4.0,yes
0UzhQhSjlIiNHqozH0tKHl,0.00128,0.664,387067.0,0.998,0.466,0.287,-5.86,0.0642,149.002,0.37,6.0,4.0,yes
0RqYFlUvMjCfNG9oP2KVuT,0.037,0.564,209307.0,0.963,0.77,0.367,-8.611,0.0411,137.599,0.242,7.0,4.0,yes
0CECbcanOoDprkHvuutPN4,6.62e-06,0.581,405920.0,0.879,0.852,0.0848,-9.845,0.057,135.026,0.0399,4.0,4.0,yes
6gLWmriEtCkfnIvTmWyb4e,0.000364,0.629,180107.0,0.939,0.0914,0.12,-4.874,0.073,128.033,0.346,1.0,4.0,yes
7y7OUhisOYWzku0YUp71gW,0.000238,0.554,166800.0,0.883,0.895,0.081,-5.939,0.0297,131.929,0.186,0.0,4.0,yes
5hDPWrf12qJQ2pFGTbputX,0.00223,0.591,212133.0,0.888,0.699,0.396,-6.836,0.0354,132.885,0.588,4.0,4.0,yes
5FDn1oWUD5BXL2HCfmCk2F,0.0127,0.632,235039.0,0.842,0.781,0.0984,-7.868,0.0335,126.952,0.674,0.0,4.0,yes
6Pt9xUGrDSZ4y8jUHGpWZw,0.113,0.771,239538.0,0.929,0.79,0.0835,-5.848,0.134,128.011,0.0354,7.0,4.0,yes
0Kz0jt07LSlLVYO2razzQp,0.0316,0.859,184947.0,0.854,0.00539,0.0743,-7.013,0.111,122.003,0.607,6.0,4.0,yes
429n2DiVGtUhLykaXmBKfT,0.000104,0.532,220811.0,0.948,0.185,0.328,-7.267,0.0435,134.018,0.424,8.0,4.0,yes
0jBVcUK9wvvw3vHuMnxscS,0.00241,0.656,354675.0,0.913,0.00839,0.14,-6.39,0.418,130.064,0.29,0.0,4.0,yes
6s9l3SVqpXLXnJ1OhkTA0q,0.0395,0.847,472967.0,0.737,0.0202,0.522,-7.422,0.28,128.009,0.702,7.0,4.0,yes
6zXQ79GjGTPsThdRoheJlA,0.00493,0.665,226507.0,0.715,0.876,0.504,-7.55,0.0399,127.082,0.355,5.0,4.0,yes
7KUsZg51ktiV77dhS03IME,0.000377,0.655,175308.0,0.767,0.905,0.343,-6.38,0.0522,127.984,0.593,6.0,4.0,yes
2kz2jdB76bTMweaNuBUcji,0.035,0.853,357747.0,0.632,0.22,0.087,-6.183,0.12,129.993,0.729,10.0,4.0,yes
45dFoM6uCr2zDP7V29lhGC,0.00263,0.871,352989.0,0.418,0.0723,0.223,-11.243,0.0614,126.035,0.492,6.0,4.0,yes
2mkBHN67xLpHrpqOuj79Yz,0.0152,0.591,233040.0,0.765,0.028,0.357,-7.511,0.0305,128.014,0.485,9.0,4.0,yes
1j2RM0usaSY1eNRz2ntoCG,0.0085,0.756,169173.0,0.78,0.478,0.3,-5.278,0.0606,129.76,0.856,11.0,4.0,yes
65opF0Zb5GJMoNgWOx6caT,0.000319,0.799,179840.0,0.742,0.817,0.0557,-6.929,0.0425,128.019,0.418,9.0,4.0,yes
5BkmvGrdveBoQpYjiYQVPR,0.0317,0.706,308265.0,0.933,0.25,0.0678,-5.989,0.0542,127.985,0.449,6.0,4.0,yes
1KaZoy4ZW6CtpoasYMlPOe,0.00467,0.857,207880.0,0.605,0.61,0.187,-6.318,0.0711,127.001,0.525,2.0,4.0,yes
4jcf9XSGR2rhIJ8DavPWr8,1.1e-05,0.433,195200.0,0.901,0.93,0.185,-4.767,0.0284,130.019,0.476,7.0,4.0,yes
1zfDxciOQhfLDiS8L1ZP7V,0.0727,0.679,207000.0,0.905,0.174,0.107,-6.462,0.0288,139.982,0.31,5.0,4.0,yes
1SzhNmncwFyZHXLFs0rgxT,0.0823,0.694,242853.0,0.879,0.446,0.367,-7.901,0.0647,138.018,0.383,1.0,4.0,yes
6daQ9S91breHsKN4Qd2mar,0.145,0.719,220787.0,0.991,0.0938,0.104,-6.174,0.115,137.165,0.194,5.0,4.0,yes
2PEXpDuu8HTcs4Bl0hR1hG,0.0257,0.863,373900.0,0.607,0.0145,0.297,-8.889,0.094,132.976,0.0676,1.0,4.0,yes
59AUHYXj5iKhJGwDsbU1CZ,0.00192,0.772,196813.0,0.812,0.261,0.149,-8.131,0.144,138.826,0.148,9.0,4.0,yes
5erpKW9e9MxokrjehVVJK7,0.0023,0.699,220920.0,0.999,0.688,0.323,-4.238,0.158,140.007,0.101,10.0,4.0,yes
1NDpzH7FlB9s33OzHkHh3P,0.000837,0.773,193333.0,0.805,0.627,0.176,-7.146,0.0552,141.011,0.101,8.0,4.0,yes
6txxaSNtTclrgY8ZQ2lIN1,6.39e-05,0.761,212427.0,0.659,0.922,0.168,-13.386,0.0458,140.02,0.0377,1.0,4.0,yes
1SwkoaG2k49XASklZIAon2,0.000228,0.8,327120.0,0.957,0.48,0.709,-5.972,0.0437,140.016,0.641,8.0,4.0,yes
0MeOKZnWXr5ALIOWPxv13H,0.0133,0.674,205923.0,0.977,0.000503,0.285,-4.151,0.0348,134.999,0.942,4.0,4.0,yes
5GndQG5t6KAvQQ0o6y3LUg,0.00746,0.736,290152.0,0.825,0.906,0.0533,-7.382,0.0326,123.969,0.367,6.0,4.0,yes
5sPvRaPgEVZ1vPausgcu27,0.000297,0.531,206973.0,0.846,0.146,0.125,-9.774,0.044,137.923,0.313,10.0,4.0,yes
51R0XKnca8Je9Nl8EaW7UD,0.00745,0.725,193200.0,0.792,0.00101,0.0345,-8.044,0.0395,131.955,0.789,9.0,4.0,yes
7uQWtaM6QwPLVTnw2xEXhw,0.00339,0.926,224893.0,0.77,0.000103,0.12,-5.714,0.0573,127.844,0.484,1.0,4.0,yes
1CJXHuTAdt3txMkmUjOJ3E,0.00353,0.662,495282.0,0.997,0.713,0.0383,-7.066,0.0705,141.013,0.267,0.0,4.0,yes
1hXToFZUlbOaAfaWW4JabB,0.054,0.667,298789.0,0.838,0.12,0.368,-5.015,0.0516,132.045,0.64,10.0,4.0,yes
5ptU4IO53hadDV43T0PBll,0.135,0.564,218493.0,0.727,0.000418,0.301,-7.603,0.257,129.962,0.351,7.0,4.0,yes
4pfYb7KVrL96T6VHEsCf6K,0.000151,0.657,485547.0,0.904,0.59,0.273,-3.727,0.0277,126.956,0.336,6.0,4.0,yes
7govOC9vuXcin2Ob9PhvJH,0.0393,0.773,207733.0,0.908,0.00236,0.556,-7.777,0.0582,136.015,0.86,10.0,4.0,yes
7khLgMuA7m4SA6aaDv1QSv,0.061,0.82,207547.0,0.826,0.0,0.0904,-7.012,0.0546,105.988,0.939,2.0,4.0,yes
1LomM3L6atrf79ZL7nHDp4,0.134,0.685,214827.0,0.944,0.0,0.361,-5.19,0.341,128.015,0.543,5.0,4.0,yes
1UmI1kV6HpC56GtcMtV22b,0.0945,0.575,244227.0,0.496,0.0,0.0891,-6.716,0.164,103.49,0.288,4.0,3.0,yes
6Rb0ptOEjBjPPQUlQtQGbL,0.00705,0.851,237640.0,0.629,0.000372,0.0746,-8.385,0.175,125.984,0.789,1.0,4.0,yes
4hHXhCRSnOKd6nMGaivmD0,0.118,0.68,247040.0,0.659,0.0,0.107,-6.855,0.211,91.259,0.411,0.0,4.0,yes
0FmCLEHfINGqwlyzvklNqy,0.0893,0.81,314400.0,0.791,0.0,0.0838,-5.909,0.181,153.067,0.948,7.0,4.0,yes
6A5NlmBCsCGbJ27jHQgKV5,0.0204,0.854,210800.0,0.674,0.0,0.101,-4.896,0.0705,125.845,0.818,11.0,4.0,yes
63rbP24OzfaQCJjsHWZXnY,0.0306,0.664,210093.0,0.872,0.0,0.228,-3.117,0.0396,129.873,0.555,3.0,4.0,yes
1B4iEymNy6FyU2I39ujzVw,0.00031,0.778,217187.0,0.737,0.0,0.276,-7.861,0.251,99.078,0.582,7.0,4.0,yes
0mtPNQl5vePVwiI9Vykp7L,0.00482,0.697,228200.0,0.861,1.83e-06,0.41,-4.389,0.144,127.023,0.703,9.0,4.0,yes
6sHBvzRsuGunQTfCk18KXi,0.0427,0.73,180453.0,0.732,2.22e-06,0.262,-5.167,0.051,129.974,0.974,4.0,4.0,yes
1XS0Gyb2YyUgoxa8O67emr,0.00854,0.662,214760.0,0.942,0.0,0.117,-3.631,0.072,133.03,0.787,3.0,4.0,yes
4WY3HyGXsWqjFRCVD6gnTe,0.0825,0.655,244827.0,0.488,1.16e-06,0.221,-9.17,0.22,91.025,0.791,1.0,4.0,yes
2ndnVdR8si7CW9T8vJRHyW,0.0202,0.87,232000.0,0.712,0.000331,0.0576,-6.313,0.0432,121.057,0.877,11.0,4.0,yes
4e5IMo6PsFM3685ZY0wvEQ,0.0051,0.805,190573.0,0.871,0.0,0.149,-3.684,0.0761,127.964,0.613,7.0,4.0,yes
7ElF5zxOwYP4qVSWVvse3W,0.0327,0.607,201547.0,0.934,0.0,0.0909,-4.217,0.0314,122.01,0.568,3.0,4.0,yes
49ou9vBZLTCi4TYoYzR3F9,0.00758,0.888,233480.0,0.556,0.0584,0.0553,-8.38,0.186,126.008,0.45,7.0,4.0,yes
3pDhN3qB33AOPhQEkUCaWt,0.0838,0.806,224693.0,0.875,0.00192,0.065,-3.817,0.088,125.063,0.917,7.0,4.0,yes
43s0CIP1nrgUXCLyBmchYH,0.13,0.711,252360.0,0.936,0.0,0.181,-5.303,0.363,127.967,0.683,0.0,4.0,yes
0XM4R7PJdyKv06JyXvJ9rN,0.00845,0.657,216133.0,0.892,0.0,0.133,-3.851,0.072,128.973,0.746,10.0,4.0,yes
6oyl7ELfrMqXLhGmIjXY9R,0.0375,0.734,218413.0,0.933,0.0,0.302,-4.639,0.0578,120.987,0.935,11.0,4.0,yes
0QOSqWbludidwxUiGMLv49,0.311,0.61,207065.0,0.83,0.0,0.101,-4.484,0.233,184.066,0.602,7.0,4.0,yes
7HctR6dqgzdU9v3LYfDElj,0.0598,0.68,213695.0,0.882,0.0,0.154,-3.712,0.242,105.071,0.668,2.0,4.0,yes
3eJH2nAjvNXdmPfBkALiPZ,0.051,0.774,139672.0,0.792,0.0,0.155,-4.021,0.0523,122.062,0.507,10.0,4.0,yes
1xQ6trAsedVPCdbtDAmk0c,0.234,0.767,171375.0,0.481,0.0,0.269,-8.52,0.0803,150.076,0.761,0.0,4.0,yes
6kex4EBAj0WHXDKZMEJaaF,0.075,0.696,216409.0,0.817,0.0,0.187,-3.862,0.109,98.064,0.782,1.0,4.0,yes
4Lt6GXGzYsa1tgkv3nGSTm,0.105,0.738,192921.0,0.85,0.0,0.23,-3.049,0.0642,98.013,0.865,8.0,4.0,yes
6FvSS3Goz7OC8oCC2eWqe8,0.0289,0.691,169154.0,0.829,0.0,0.254,-7.179,0.0412,93.059,0.866,0.0,4.0,yes
6Yv6HKt3i62npobME60tAS,0.321,0.687,225627.0,0.884,0.0,0.19,-4.608,0.0541,126.049,0.812,2.0,4.0,yes
2fANKpHqnRTIOvaBVELpav,0.0828,0.747,182657.0,0.716,7.59e-06,0.0773,-5.152,0.0308,128.001,0.849,1.0,4.0,yes
7zL9xrz5krsuC6qVNluQQw,0.0901,0.8,203360.0,0.633,0.0,0.0315,-4.875,0.0514,95.953,0.836,8.0,4.0,yes
1MtUq6Wp1eQ8PC6BbPCj8P,0.0353,0.664,197933.0,0.714,8.42e-06,0.0843,-6.645,0.111,101.969,0.71,7.0,4.0,yes
6JLcz9UGiVxAmEZXlCucn5,0.402,0.855,321987.0,0.746,0.0,0.146,-3.777,0.232,95.026,0.375,3.0,4.0,yes
07Tx168RSsUS1HqkDIOZbH,0.191,0.785,231360.0,0.582,0.0,0.2,-4.877,0.237,71.774,0.861,5.0,4.0,yes
0kIHfcHGFGm5xb0dSlKEdp,0.00714,0.912,225040.0,0.644,0.0,0.107,-6.63,0.288,95.999,0.492,11.0,4.0,yes
2cZ5ACJfBj2uAXARdHpjAW,0.00459,0.793,245055.0,0.781,1.68e-06,0.0846,-4.277,0.186,123.996,0.883,10.0,4.0,yes
1V4jC0vJ5525lEF1bFgPX2,0.00851,0.825,222133.0,0.856,1.4e-06,0.127,-1.912,0.0476,128.016,0.207,1.0,4.0,yes
0Qn0i8df7Q76ej3RAXAtI2,0.0714,0.893,245467.0,0.823,0.0,0.0509,-3.708,0.122,128.009,0.902,5.0,4.0,yes
